INSERT	INTO	DRIVER	VALUES	(   NULL	,	"	Greta Eldrett	"	,	4	,	0	,	"	Bantawora	"	,	"	47551 Ludington Pass	"	)	;																	
INSERT	INTO	DRIVER	VALUES	(	639786318	,	"	Davida Westphalen	"	,	3	,	0	,	"	Huachos	"	,	"	9 Sundown Place	"	)	;																	
INSERT	INTO	DRIVER	VALUES	(	450984998	,	"	Isadora Croizier	"	,	4	,	0	,	"	Yuqunweng	"	,	"	4 Shoshone Center	"	)	;																	
INSERT	INTO	DRIVER	VALUES	(	NULL	,	"	Cordula Hanhart	"	,	0	,	0	,	"	Maayong Tubig	"	,	"	0259 Reindahl Road	"	)	;																	
INSERT	INTO	DRIVER	VALUES	(	574459771	,	"	Freddie Monck	"	,	2	,	0	,	"	Halmstad	"	,	"	6 Grover Crossing	"	)	;																	
INSERT	INTO	DRIVER	VALUES	(	NULL	,	"	Alvira Ollander	"	,	4	,	0	,	"	Constantia	"	,	"	09885 Dapin Circle	"	)	;																	
INSERT	INTO	DRIVER	VALUES	(	711704314	,	"	Nananne Meek	"	,	0	,	0	,	"	Trondheim	"	,	"	0 Roxbury Point	"	)	;																	
INSERT	INTO	DRIVER	VALUES	(	660474470	,	"	Wandis Domoney	"	,	5	,	0	,	"	Aldeia da Bela"	,	"	07135 Rockefeller Road	"	)	;																	
INSERT	INTO	DRIVER	VALUES	(	846401681	,	"	Hyman Stuck	"	,	5	,	0	,	"	Fuxing	"	,	"	37 Sommers Avenue	"	)	;																	
INSERT	INTO	DRIVER	VALUES	(	400316747	,	"	Charlton Imbrey	"	,	6	,	1	,	"	Kingsport	"	,	"	3 Claremont Park	"	)	;																	
INSERT	INTO	DRIVER	VALUES	(	254468117	,	"	Homere McNaughton	"	,	3	,	1	,	"	Ailuk	"	,	"	60 Surrey Center	"	)	;																	
INSERT	INTO	DRIVER	VALUES	(	945581821	,	"	Marven Dabbs	"	,	3	,	1	,	"	Xiyuan	"	,	"	49207 Westport Crossing	"	)	;																	
INSERT	INTO	DRIVER	VALUES	(	NULL	,	"	Lyndel Syrett	"	,	2	,	1	,	"	Jiangxi	"	,	"	3 Longview Point	"	)	;																	
INSERT	INTO	DRIVER	VALUES	(	386290030	,	"	Adham Currie	"	,	21	,	0	,	"	Bueng Sam Phan	"	,	"	63 Monument Way	"	)	;																	
INSERT	INTO	DRIVER	VALUES	(	773208167	,	"	Cloris Earie	"	,	5	,	1	,	"	Rondonópolis	"	,	"	4 Lighthouse Bay Court	"	)	;																	
INSERT	INTO	DRIVER	VALUES	(	457985748	,	"	Axe Burtt	"	,	0	,	0	,	"	Zhosaly	"	,	"	928 Claremont Terrace	"	)	;																	
INSERT	INTO	DRIVER	VALUES	(	NULL	,	"	Maude McGiveen	"	,	0	,	1	,	"	Qifang	"	,	"	09 Banding Junction	"	)	;																	
INSERT	INTO	DRIVER	VALUES	(	997993579	,	"	Holli Deerness	"	,	3	,	0	,	"	Pertunmaa	"	,	"	3206 East Terrace	"	)	;																	
INSERT	INTO	DRIVER	VALUES	(	852246247	,	"	Domini Quincey	"	,	32	,	0	,	"	Barrinha	"	,	"	94 Burning Wood Circle	"	)	;																	
INSERT	INTO	DRIVER	VALUES	(	680276743	,	"	Milzie Adriano	"	,	2	,	0	,	"	New Cebu	"	,	"	8286 Rockefeller Lane	"	)	;																	
INSERT	INTO	DRIVER	VALUES	(	620202557	,	"	Coleen Kingzeth	"	,	6	,	0	,	"	Ailuk	"	,	"	60 Surrey Center	"	)	;																	
INSERT	INTO	DRIVER	VALUES	(	476762472	,	"	Carena Inglis	"	,	6	,	0	,	"	Zhosaly	"	,	"	928 Claremont Terrace	"	)	;																	
INSERT	INTO	DRIVER	VALUES	(	618038889	,	"	Gae Solomonides	"	,	7	,	0	,	"	Constantia	"	,	"	09885 Dapin Circle	"	)	;																	
INSERT	INTO	DRIVER	VALUES	(	600515689	,	"	Rodina Chillingworth	"	,	8	,	0	,	"	Trondheim	"	,	"	0 Roxbury Point	"	)	;																	
INSERT	INTO	DRIVER	VALUES	(	934045880	,	"	Donica Tidey	"	,	5	,	0	,	"	Yuqunweng	"	,	"	4 Shoshone Center	"	)	;																	
INSERT	INTO	DRIVER	VALUES	(	887527305	,	"	Ade Don	"	,	21	,	0	,	"	Maayong Tubig	"	,	"	0259 Reindahl Road	"	)	;																	
INSERT	INTO	DRIVER	VALUES	(	391547199	,	"	Ardyth Baskeyfied	"	,	3	,	1	,	"	Halmstad	"	,	"	6 Grover Crossing	"	)	;																	
INSERT	INTO	DRIVER	VALUES	(	379303197	,	"	Oralee Wanne	"	,	5	,	0	,	"	Zhosaly	"	,	"	928 Claremont Terrace	"	)	;																	
																																								
																																								
																																								
INSERT	INTO	ROUTE	VALUES	(	"	2019/6/10	"	,	"	Greta Eldrett	"	,	"	Al Karmil	"	,	"	270 Melrose Alley	"	,	"	Chornoliztsi	"	,	"	731 Springview Circle	"	)	;											
INSERT	INTO	ROUTE	VALUES	(	"	2019/10/3	"	,	"	Davida Westphalen	"	,	"	Massakory	"	,	"	897 Delaware Trail	"	,	"	Chornoliztsi	"	,	"	731 Springview Circle	"	)	;											
INSERT	INTO	ROUTE	VALUES	(	"	2019/5/30	"	,	"	Isadora Croizier	"	,	"	Bettendorf	"	,	"	5 John Wall Pass	"	,	"	Maddela	"	,	"	45 Lyons Hill	"	)	;											
INSERT	INTO	ROUTE	VALUES	(	"	2019/5/20	"	,	"	Adham Currie	"	,	"	Shouyan	"	,	"	76603 Clove Lane	"	,	"	Xiangfu	"	,	"	1817 Pine View Avenue	"	)	;											
INSERT	INTO	ROUTE	VALUES	(	"	2019/6/25	"	,	"	Freddie Monck	"	,	"	Massakory	"	,	"	897 Delaware Trail	"	,	"	Haysyn	"	,	"	8 6th Place	"	)	;											
INSERT	INTO	ROUTE	VALUES	(	"	2019/8/6	"	,	"	Alvira Ollander	"	,	"	Al Karmil	"	,	"	270 Melrose Alley	"	,	"	Chornoliztsi	"	,	"	731 Springview Circle	"	)	;											
INSERT	INTO	ROUTE	VALUES	(	"	2019/3/19	"	,	"	Hyman Stuck	"	,	"	Shouyan	"	,	"	76603 Clove Lane	"	,	"	Haysyn	"	,	"	8 6th Place	"	)	;											
INSERT	INTO	ROUTE	VALUES	(	"	2019/11/22"	,	"	Wandis Domoney	"	,	"	Massakory	"	,	"	897 Delaware Trail	"	,	"	Maddela	"	,	"	45 Lyons Hill	"	)	;											
INSERT	INTO	ROUTE	VALUES	(	"	2019/9/26	"	,	"	Hyman Stuck	"	,	"	Bettendorf	"	,	"	5 John Wall Pass	"	,	"	Haysyn	"	,	"	8 6th Place	"	)	;											
INSERT	INTO	ROUTE	VALUES	(	"	2019/10/2	"	,	"	Charlton Imbrey	"	,	"	Al Karmil	"	,	"	270 Melrose Alley	"	,	"	Maddela	"	,	"	45 Lyons Hill	"	)	;											
INSERT	INTO	ROUTE	VALUES	(	"	2019/10/8	"	,	"	Homere McNaughton	"	,	"	Shouyan	"	,	"	76603 Clove Lane	"	,	"	Xiangfu	"	,	"	1817 Pine View Avenue	"	)	;											
INSERT	INTO	ROUTE	VALUES	(	"	2019/2/5	"	,	"	Marven Dabbs	"	,	"	Bebandem	"	,	"	387 Oak Drive	"	,	"	Azueira	"	,	"	20103 Oakridge Court	"	)	;											
INSERT	INTO	ROUTE	VALUES	(	"	2019/7/11	"	,	"	Lyndel Syrett	"	,	"	Sans"	,	"	45 Claremont Trail	"	,	"	Majagual	"	,	"	65 Novick Lane	"	)	;											
INSERT	INTO	ROUTE	VALUES	(	"	2019/4/12	"	,	"	Adham Currie	"	,	"	Bettendorf	"	,	"	5 John Wall Pass	"	,	"	Haysyn	"	,	"	8 6th Place	"	)	;											
INSERT	INTO	ROUTE	VALUES	(	"	2019/11/10	"	,	"	Cloris Earie	"	,	"	Bebandem	"	,	"	387 Oak Drive	"	,	"	Xiangfu	"	,	"	1817 Pine View Avenue	"	)	;											
INSERT	INTO	ROUTE	VALUES	(	"	2019/10/12	"	,	"	Coleen Kingzeth	"	,	"	Bettendorf	"	,	"	5 John Wall Pass	"	,	"	Majagual	"	,	"	65 Novick Lane	"	)	;											
INSERT	INTO	ROUTE	VALUES	(	"	2019/7/12"	,	"	Carena Inglis	"	,	"	Al Karmil	"	,	"	270 Melrose Alley	"	,	"	Maddela	"	,	"	45 Lyons Hill	"	)	;											
INSERT	INTO	ROUTE	VALUES	(	"	2019/6/11"	,	"	Holli Deerness	"	,	"	Al Karmil	"	,	"	270 Melrose Alley	"	,	"	Azueira	"	,	"	20103 Oakridge Court	"	)	;											
INSERT	INTO	ROUTE	VALUES	(	"	2019/10/16"	,	"	Domini Quincey	"	,	"	Shouyan	"	,	"	76603 Clove Lane	"	,	"	Xiangfu	"	,	"	1817 Pine View Avenue	"	)	;											
INSERT	INTO	ROUTE	VALUES	(	"	2019/6/6"	,	"	Milzie Adriano	"	,	"	San Rafael	"	,	"	45 Claremont Trail	"	,	"	Chornoliztsi	"	,	"	731 Springview Circle	"	)	;											
INSERT	INTO	ROUTE	VALUES	(	"	2019/5/5"	,	"	Coleen Kingzeth	"	,	"	San Petzal	"	,	"	45 Claremont Trail	"	,	"	Maddela	"	,	"	45 Lyons Hill	"	)	;											
INSERT	INTO	ROUTE	VALUES	(	"	2019/9/9"	,	"	Carena Inglis	"	,	"	Bebandem	"	,	"	387 Oak Drive	"	,	"	Tataouine	"	,	"	61 Donald Drive	"	)	;											
INSERT	INTO	ROUTE	VALUES	(	"	2019/4/13"	,	"	Gae Solomonides	"	,	"	Bettendorf	"	,	"	5 John Wall Pass	"	,	"	Tataouine	"	,	"	61 Donald Drive	"	)	;											
INSERT	INTO	ROUTE	VALUES	(	"	2019/4/6	"	,	"	Rodina Chillingworth	"	,	"	Bebandem	"	,	"	387 Oak Drive	"	,	"	Tataouine	"	,	"	61 Donald Drive	"	)	;											
INSERT	INTO	ROUTE	VALUES	(	"	2019/2/13	"	,	"	Donica Tidey	"	,	"	Bebandem	"	,	"	387 Oak Drive	"	,	"	Tataouine	"	,	"	61 Donald Drive	"	)	;											
INSERT	INTO	ROUTE	VALUES	(	"	2019/5/7"	,	"	Ade Don	"	,	"	Sanz	"	,	"	45 Claremont Trail	"	,	"	Azueira	"	,	"	20103 Oakridge Court	"	)	;											
INSERT	INTO	ROUTE	VALUES	(	"	2019/3/14	"	,	"	Ardyth Baskeyfied	"	,	"	Massakory	"	,	"	897 Delaware Trail	"	,	"	Majagual	"	,	"	65 Novick Lane	"	)	;											
INSERT	INTO	ROUTE	VALUES	(	"	2019/2/23	"	,	"	Oralee Wanne	"	,	" Rafael Petzal	"	,	"	45 Claremont Trail	"	,	"	Azueira	"	,	"	20103 Oakridge Court	"	)	;											
INSERT	INTO	ROUTE	VALUES	(	"	2019/5/9	"	,	"	Ardyth Baskeyfied	"	,	"	Massakory	"	,	"	897 Delaware Trail	"	,	"	Majagual	"	,	"	65 Novick Lane	"	)	;											
INSERT	INTO	ROUTE	VALUES	(	"	2019/8/25	"	,	"	Oralee Wanne	"	,	"	Shouyan	"	,	"	76603 Clove Lane	"	,	"	Chornoliztsi	"	,	"	731 Springview Circle	"	)	;											
																																								
																																								
																																								
INSERT	INTO	BELONGS_TO	VALUES	(	"	Dilan Crichley	"	,	23	,	"	2019/10/16	"	,	"	Domini Quincey	"	)	;																					
INSERT	INTO	BELONGS_TO	VALUES	(	"	Nappy Dartnell	"	,	18	,	"	2019/6/10	"	,	"	Greta Eldrett	"	)	;																					
INSERT	INTO	BELONGS_TO	VALUES	(	"	Alberto Selvester	"	,	21	,	"	2019/11/10	"	,	"	Cloris Earie	"	)	;																					
INSERT	INTO	BELONGS_TO	VALUES	(	"	Lockwood Fynn	"	,	24	,	"	2019/10/8	"	,	"	Homere McNaughton	"	)	;																					
INSERT	INTO	BELONGS_TO	VALUES	(	"	Zerk O'Spillane	"	,	16	,	"	2019/7/11	"	,	"	Lyndel Syrett	"	)	;																					
INSERT	INTO	BELONGS_TO	VALUES	(	"	Alonzo Feldbau	"	,	16	,	"	2019/7/12	"	,	"	Carena Inglis	"	)	;																					
INSERT	INTO	BELONGS_TO	VALUES	(	"	Fania Rankling	"	,	18	,	"	2019/2/13	"	,	"	Donica Tidey	"	)	;																					
INSERT	INTO	BELONGS_TO	VALUES	(	"	Margit Hagard	"	,	18	,	"	2019/11/10	"	,	"	Cloris Earie	"	)	;																					
INSERT	INTO	BELONGS_TO	VALUES	(	"	Mattheus Kemble	"	,	20	,	"	2019/5/5	"	,	"	Coleen Kingzeth	"	)	;																					
INSERT	INTO	BELONGS_TO	VALUES	(	"	Augustine Bussons	"	,	22	,	"	2019/4/12	"	,	"	Adham Currie	"	)	;																					
INSERT	INTO	BELONGS_TO	VALUES	(	"	Nat Abrahamsson	"	,	23	,	"	2019/6/25	"	,	"	Freddie Monck	"	)	;																					
INSERT	INTO	BELONGS_TO	VALUES	(	"	Lauren Piff	"	,	19	,	"	2019/11/22	"	,	"	Wandis Domoney	"	)	;																					
INSERT	INTO	BELONGS_TO	VALUES	(	"	Bendix Spilsted	"	,	17	,	"	2019/5/9	"	,	"	Ardyth Baskeyfied	"	)	;																					
INSERT	INTO	BELONGS_TO	VALUES	(	"	Arni Guirau	"	,	21	,	"	2019/2/13	"	,	"	Donica Tidey	"	)	;																					
INSERT	INTO	BELONGS_TO	VALUES	(	"	Flori Attkins	"	,	23	,	"	2019/11/22	"	,	"	Wandis Domoney	"	)	;																					
INSERT	INTO	BELONGS_TO	VALUES	(	"	Britte Werendell	"	,	19	,	"	2019/6/11	"	,	"	Holli Deerness	"	)	;																					
INSERT	INTO	BELONGS_TO	VALUES	(	"	Averyl Mutch	"	,	21	,	"	2019/6/10	"	,	"	Greta Eldrett	"	)	;																					
INSERT	INTO	BELONGS_TO	VALUES	(	"	Shara Douberday	"	,	24	,	"	2019/6/10	"	,	"	Greta Eldrett	"	)	;																					
INSERT	INTO	BELONGS_TO	VALUES	(	"	Sibilla Bamborough	"	,	18	,	"	2019/9/26	"	,	"	Hyman Stuck	"	)	;																					
INSERT	INTO	BELONGS_TO	VALUES	(	"	Wendeline Sprionghall	"	,	20	,	"	2019/4/6	"	,	"	Rodina Chillingworth	"	)	;																					
INSERT	INTO	BELONGS_TO	VALUES	(	"	Andie Flawith	"	,	18	,	"	2019/9/26	"	,	"	Hyman Stuck	"	)	;																					
INSERT	INTO	BELONGS_TO	VALUES	(	"	Hamnet Bigland	"	,	23	,	"	2019/2/5	"	,	"	Marven Dabbs	"	)	;																					
INSERT	INTO	BELONGS_TO	VALUES	(	"	Miguelita Jagg	"	,	16	,	"	2019/7/12	"	,	"	Carena Inglis	"	)	;																					
INSERT	INTO	BELONGS_TO	VALUES	(	"	Sophi Summersby	"	,	24	,	"	2019/5/7	"	,	"	Ade Don	"	)	;																					
INSERT	INTO	BELONGS_TO	VALUES	(	"	Rogerio Glasby	"	,	17	,	"	2019/8/6	"	,	"	Alvira Ollander	"	)	;																					
INSERT	INTO	BELONGS_TO	VALUES	(	"	Maure Heasman	"	,	24	,	"	2019/8/25	"	,	"	Oralee Wanne	"	)	;																					
INSERT	INTO	BELONGS_TO	VALUES	(	"	Bernadene Connell	"	,	18	,	"	2019/10/2	"	,	"	Charlton Imbrey	"	)	;																					
INSERT	INTO	BELONGS_TO	VALUES	(	"	Ethel Jessep	"	,	22	,	"	2019/8/6	"	,	"	Alvira Ollander	"	)	;																					
INSERT	INTO	BELONGS_TO	VALUES	(	"	Augustin Huntriss	"	,	20	,	"	2019/3/19	"	,	"	Hyman Stuck	"	)	;																					
INSERT	INTO	BELONGS_TO	VALUES	(	"	Brandyn Whylie	"	,	21	,	"	2019/10/8	"	,	"	Homere McNaughton	"	)	;																					
INSERT	INTO	BELONGS_TO	VALUES	(	"	Erskine Griffith	"	,	17	,	"	2019/5/30	"	,	"	Isadora Croizier	"	)	;																					
INSERT	INTO	BELONGS_TO	VALUES	(	"	Enrika Hurling	"	,	21	,	"	2019/7/12	"	,	"	Carena Inglis	"	)	;																					
INSERT	INTO	BELONGS_TO	VALUES	(	"	Vicki Povall	"	,	17	,	"	2019/7/11	"	,	"	Lyndel Syrett	"	)	;																					
INSERT	INTO	BELONGS_TO	VALUES	(	"	Godfrey Snodin	"	,	23	,	"	2019/11/10	"	,	"	Cloris Earie	"	)	;																					
INSERT	INTO	BELONGS_TO	VALUES	(	"	Catie Sawyers	"	,	16	,	"	2019/2/5	"	,	"	Marven Dabbs	"	)	;																					
INSERT	INTO	BELONGS_TO	VALUES	(	"	Lexy Tyson	"	,	18	,	"	2019/6/6	"	,	"	Milzie Adriano	"	)	;																					
INSERT	INTO	BELONGS_TO	VALUES	(	"	Sammy Ithell	"	,	16	,	"	2019/4/12	"	,	"	Gae Solomonides	"	)	;																					
INSERT	INTO	BELONGS_TO	VALUES	(	"	Danette Wyllt	"	,	16	,	"	2019/4/12	"	,	"	Adham Currie	"	)	;																					
INSERT	INTO	BELONGS_TO	VALUES	(	"	Jolie Cruddas	"	,	24	,	"	2019/3/14	"	,	"	Ardyth Baskeyfied	"	)	;																					
INSERT	INTO	BELONGS_TO	VALUES	(	"	Rodger MacSkeaghan	"	,	20	,	"	2019/4/12	"	,	"	Gae Solomonides	"	)	;																					
INSERT	INTO	BELONGS_TO	VALUES	(	"	Fannie Yuranovev	"	,	16	,	"	2019/10/8	"	,	"	Homere McNaughton	"	)	;																					
INSERT	INTO	BELONGS_TO	VALUES	(	"	Chrystal Seebright	"	,	24	,	"	2019/5/5	"	,	"	Coleen Kingzeth	"	)	;																					
INSERT	INTO	BELONGS_TO	VALUES	(	"	Whitby Feirn	"	,	18	,	"	2019/9/26	"	,	"	Hyman Stuck	"	)	;																					
INSERT	INTO	BELONGS_TO	VALUES	(	"	Desmund Pic	"	,	23	,	"	2019/10/3	"	,	"	Davida Westphalen	"	)	;																					
INSERT	INTO	BELONGS_TO	VALUES	(	"	Enoch Roofe	"	,	24	,	"	2019/5/9	"	,	"	Ardyth Baskeyfied	"	)	;																					
INSERT	INTO	BELONGS_TO	VALUES	(	"	Beniamino Trevett	"	,	22	,	"	2019/10/12	"	,	"	Coleen Kingzeth	"	)	;																					
INSERT	INTO	BELONGS_TO	VALUES	(	"	Perrine Jakoubec	"	,	17	,	"	2019/3/14	"	,	"	Ardyth Baskeyfied	"	)	;																					
INSERT	INTO	BELONGS_TO	VALUES	(	"	Blancha Kochs	"	,	20	,	"	2019/2/23	"	,	"	Oralee Wanne	"	)	;																					
INSERT	INTO	BELONGS_TO	VALUES	(	"	Fleur Heyburn	"	,	23	,	"	2019/2/5	"	,	"	Marven Dabbs	"	)	;																					
INSERT	INTO	BELONGS_TO	VALUES	(	"	Tammy Brotherhood	"	,	18	,	"	2019/4/12	"	,	"	Gae Solomonides	"	)	;																					
INSERT	INTO	BELONGS_TO	VALUES	(	"	Layney Segot	"	,	16	,	"	2019/6/25	"	,	"	Freddie Monck	"	)	;																					
INSERT	INTO	BELONGS_TO	VALUES	(	"	Emmalynn Sholl	"	,	20	,	"	2019/10/2	"	,	"	Charlton Imbrey	"	)	;																					
INSERT	INTO	BELONGS_TO	VALUES	(	"	Mollee Mingardi	"	,	16	,	"	2019/9/9	"	,	"	Carena Inglis	"	)	;																					
INSERT	INTO	BELONGS_TO	VALUES	(	"	Janaye Browett	"	,	17	,	"	2019/4/6	"	,	"	Rodina Chillingworth	"	)	;																					
INSERT	INTO	BELONGS_TO	VALUES	(	"	Giacobo Loveman	"	,	21	,	"	2019/4/12	"	,	"	Adham Currie	"	)	;																					
INSERT	INTO	BELONGS_TO	VALUES	(	"	Garvin McCaughren	"	,	21	,	"	2019/7/11	"	,	"	Lyndel Syrett	"	)	;																					
INSERT	INTO	BELONGS_TO	VALUES	(	"	Ashil Whorlow	"	,	16	,	"	2019/10/12	"	,	"	Coleen Kingzeth	"	)	;																					
INSERT	INTO	BELONGS_TO	VALUES	(	"	Colleen Keefe	"	,	24	,	"	2019/6/10	"	,	"	Greta Eldrett	"	)	;																					
INSERT	INTO	BELONGS_TO	VALUES	(	"	Ivor Lowin	"	,	20	,	"	2019/9/9	"	,	"	Carena Inglis	"	)	;																					
INSERT	INTO	BELONGS_TO	VALUES	(	"	Vitoria Jarry	"	,	21	,	"	2019/10/16	"	,	"	Domini Quincey	"	)	;																					
INSERT	INTO	BELONGS_TO	VALUES	(	"	Candis Bonnette	"	,	24	,	"	2019/5/30	"	,	"	Isadora Croizier	"	)	;																					
INSERT	INTO	BELONGS_TO	VALUES	(	"	Gertruda Ianson	"	,	20	,	"	2019/11/22	"	,	"	Wandis Domoney	"	)	;																					
INSERT	INTO	BELONGS_TO	VALUES	(	"	Larisa Tither	"	,	22	,	"	2019/10/2	"	,	"	Charlton Imbrey	"	)	;																					
INSERT	INTO	BELONGS_TO	VALUES	(	"	Hollyanne Elphick	"	,	20	,	"	2019/6/11	"	,	"	Holli Deerness	"	)	;																					
INSERT	INTO	BELONGS_TO	VALUES	(	"	Borg Shefton	"	,	22	,	"	2019/10/3	"	,	"	Davida Westphalen	"	)	;																					
INSERT	INTO	BELONGS_TO	VALUES	(	"	Way Yewdale	"	,	16	,	"	2019/6/25	"	,	"	Freddie Monck	"	)	;																					
INSERT	INTO	BELONGS_TO	VALUES	(	"	Marve Lamp	"	,	24	,	"	2019/6/11	"	,	"	Holli Deerness	"	)	;																					
INSERT	INTO	BELONGS_TO	VALUES	(	"	Quintus Soame	"	,	21	,	"	2019/5/30	"	,	"	Isadora Croizier	"	)	;																					
INSERT	INTO	BELONGS_TO	VALUES	(	"	Lanae Brogan	"	,	16	,	"	2019/5/20	"	,	"	Adham Currie	"	)	;																					
INSERT	INTO	BELONGS_TO	VALUES	(	"	Erminie Coppenhall	"	,	22	,	"	2019/4/12	"	,	"	Adham Currie	"	)	;																					
INSERT	INTO	BELONGS_TO	VALUES	(	"	Vanda Egger	"	,	18	,	"	2019/5/20	"	,	"	Adham Currie	"	)	;																					
INSERT	INTO	BELONGS_TO	VALUES	(	"	Bernelle Scoular	"	,	21	,	"	2019/6/25	"	,	"	Freddie Monck	"	)	;																					
INSERT	INTO	BELONGS_TO	VALUES	(	"	Pinchas Raiston	"	,	24	,	"	2019/5/7	"	,	"	Ade Don	"	)	;																					
INSERT	INTO	BELONGS_TO	VALUES	(	"	Rosie Mobley	"	,	23	,	"	2019/5/30	"	,	"	Isadora Croizier	"	)	;																					
INSERT	INTO	BELONGS_TO	VALUES	(	"	Sherry D'Agostini	"	,	18	,	"	2019/5/20	"	,	"	Adham Currie	"	)	;																					
INSERT	INTO	BELONGS_TO	VALUES	(	"	Amelia Cossans	"	,	20	,	"	2019/8/6	"	,	"	Alvira Ollander	"	)	;																					
INSERT	INTO	BELONGS_TO	VALUES	(	"	Dorolisa Aldrin	"	,	19	,	"	2019/9/26	"	,	"	Hyman Stuck	"	)	;																					
INSERT	INTO	BELONGS_TO	VALUES	(	"	Katherine Done	"	,	19	,	"	2019/3/19	"	,	"	Hyman Stuck	"	)	;																					
INSERT	INTO	BELONGS_TO	VALUES	(	"	Christophe Boykett	"	,	20	,	"	2019/11/10	"	,	"	Cloris Earie	"	)	;																					
INSERT	INTO	BELONGS_TO	VALUES	(	"	Bartlett Klemencic	"	,	17	,	"	2019/4/6	"	,	"	Rodina Chillingworth	"	)	;																					
INSERT	INTO	BELONGS_TO	VALUES	(	"	Robinia Poulston	"	,	19	,	"	2019/6/6	"	,	"	Milzie Adriano	"	)	;																					
INSERT	INTO	BELONGS_TO	VALUES	(	"	Oran Cohan	"	,	16	,	"	2019/10/3	"	,	"	Davida Westphalen	"	)	;																					
INSERT	INTO	BELONGS_TO	VALUES	(	"	Wanda Archibould	"	,	16	,	"	2019/5/5	"	,	"	Coleen Kingzeth	"	)	;																					
INSERT	INTO	BELONGS_TO	VALUES	(	"	Kimberlyn Cutsforth	"	,	23	,	"	2019/11/22	"	,	"	Wandis Domoney	"	)	;																					
INSERT	INTO	BELONGS_TO	VALUES	(	"	Annora Hearns	"	,	22	,	"	2019/10/8	"	,	"	Homere McNaughton	"	)	;																					
INSERT	INTO	BELONGS_TO	VALUES	(	"	Ricky Kloss	"	,	19	,	"	2019/2/23	"	,	"	Oralee Wanne	"	)	;																					
INSERT	INTO	BELONGS_TO	VALUES	(	"	Eirena Flowitt	"	,	16	,	"	2019/3/19	"	,	"	Hyman Stuck	"	)	;																					
INSERT	INTO	BELONGS_TO	VALUES	(	"	Kate Letten	"	,	23	,	"	2019/10/2	"	,	"	Charlton Imbrey	"	)	;																					
INSERT	INTO	BELONGS_TO	VALUES	(	"	Pansy Hew	"	,	17	,	"	2019/3/19	"	,	"	Hyman Stuck	"	)	;																					
INSERT	INTO	BELONGS_TO	VALUES	(	"	Harlie Jeger	"	,	18	,	"	2019/6/6	"	,	"	Milzie Adriano	"	)	;																					
INSERT	INTO	BELONGS_TO	VALUES	(	"	Ferdy Karpushkin	"	,	23	,	"	2019/10/16	"	,	"	Domini Quincey	"	)	;																					
INSERT	INTO	BELONGS_TO	VALUES	(	"	Arron Haensel	"	,	21	,	"	2019/9/9	"	,	"	Carena Inglis	"	)	;																					
INSERT	INTO	BELONGS_TO	VALUES	(	"	Luciano Bolderson	"	,	19	,	"	2019/2/13	"	,	"	Donica Tidey	"	)	;																					
INSERT	INTO	BELONGS_TO	VALUES	(	"	Sigismundo Piggin	"	,	19	,	"	2019/8/6	"	,	"	Alvira Ollander	"	)	;																					
INSERT	INTO	BELONGS_TO	VALUES	(	"	Donielle Jaggard	"	,	24	,	"	2019/5/20	"	,	"	Adham Currie	"	)	;																					
INSERT	INTO	BELONGS_TO	VALUES	(	"	Adelina Ramelet	"	,	19	,	"	2019/7/11	"	,	"	Lyndel Syrett	"	)	;																					
INSERT	INTO	BELONGS_TO	VALUES	(	"	Aland Sakins	"	,	22	,	"	2019/8/25	"	,	"	Oralee Wanne	"	)	;																					
INSERT	INTO	BELONGS_TO	VALUES	(	"	Teirtza Heater	"	,	23	,	"	2019/10/3	"	,	"	Davida Westphalen	"	)	;																					
INSERT	INTO	BELONGS_TO	VALUES	(	"	Mata Yannoni	"	,	16	,	"	2019/2/5	"	,	"	Marven Dabbs	"	)	;																					
INSERT	INTO	BELONGS_TO	VALUES	(	"	Nathaniel Creaney	"	,	19	,	"	2019/10/12	"	,	"	Coleen Kingzeth	"	)	;													
																																								
																																								
																																								
																																								
INSERT	INTO	STUDENT	VALUES	(1,	"	Dilan Crichley	"	,	23	,	"	United States	"	,	"	Randusari	"	,	"	3801 Arizona Terrace	"	)	;	;													
INSERT	INTO	STUDENT	VALUES	(	1,	"	Nappy Dartnell	"	,	18	,	"	Canada	"	,	"	Cabucgayan	"	,	"	13192 Birchwood Park	"	)	;	;													
INSERT	INTO	STUDENT	VALUES	(	1		,	"	Alberto Selvester	"	,	21	,	"	China	"	,	"	Gadzhiyevo	"	,	"	2 Manley Hill	"	)	;	;													
INSERT	INTO	STUDENT	VALUES	(	1		,	"	Lockwood Fynn	"	,	24	,	"	China	"	,	"	Sbikha	"	,	"	70414 Rutledge Lane	"	)	;	;													
INSERT	INTO	STUDENT	VALUES	(	1		,	"	Zerk O'Spillane	"	,	16	,	"	Japan	"	,	"	Vista Hermosa	"	,	"	2450 Karstens Point	"	)	;	;													
INSERT	INTO	STUDENT	VALUES	(	1		,	"	Alonzo Feldbau	"	,	16	,	"	China	"	,	"	Bobrov	"	,	"	1707 Northridge Park	"	)	;	;													
INSERT	INTO	STUDENT	VALUES	(	0		,	"	Fania Rankling	"	,	18	,	"	United States	"	,	"	Heshui	"	,	"	691 Division Street	"	)	;	;													
INSERT	INTO	STUDENT	VALUES	(	0		,	"	Margit Hagard	"	,	18	,	"	Mexico	"	,	"	Mandalt	"	,	"	83 Blackbird Plaza	"	)	;	;													
INSERT	INTO	STUDENT	VALUES	(	1		,	"	Mattheus Kemble	"	,	20	,	"	China	"	,	"	Huangcai	"	,	"	8145 Hazelcrest Plaza	"	)	;	;													
INSERT	INTO	STUDENT	VALUES	(	0		,	"	Augustine Bussons	"	,	22	,	"	China	"	,	"	Ordem	"	,	"	10249 Cottonwood Alley	"	)	;	;													
INSERT	INTO	STUDENT	VALUES	(	1		,	"	Nat Abrahamsson	"	,	23	,	"	China	"	,	"	Kalininaul	"	,	"	3 Crest Line Drive	"	)	;	;													
INSERT	INTO	STUDENT	VALUES	(	1		,	"	Lauren Piff	"	,	19	,	"	Thailand	"	,	"	Nova Granada	"	,	"	854 Declaration Place	"	)	;	;													
INSERT	INTO	STUDENT	VALUES	(	1		,	"	Bendix Spilsted	"	,	17	,	"	China	"	,	"	Teutônia	"	,	"	311 Pierstorff Alley	"	)	;	;													
INSERT	INTO	STUDENT	VALUES	(	1		,	"	Arni Guirau	"	,	21	,	"	Canada	"	,	"	Shapa	"	,	"	46404 Oakridge Crossing	"	)	;	;													
INSERT	INTO	STUDENT	VALUES	(	0		,	"	Flori Attkins	"	,	23	,	"	United States	"	,	"	Geneng	"	,	"	0 Kensington Trail	"	)	;	;													
INSERT	INTO	STUDENT	VALUES	(	0		,	"	Britte Werendell	"	,	19	,	"	Thailand	"	,	"	Yumbel	"	,	"	4 Fordem Alley	"	)	;	;													
INSERT	INTO	STUDENT	VALUES	(	0		,	"	Averyl Mutch	"	,	21	,	"	China	"	,	"	Sopla	"	,	"	40 Muir Avenue	"	)	;	;													
INSERT	INTO	STUDENT	VALUES	(	0		,	"	Shara Douberday	"	,	24	,	"	Japan	"	,	"	Sokolac	"	,	"	62 Laurel Road	"	)	;	;													
INSERT	INTO	STUDENT	VALUES	(	0		,	"	Sibilla Bamborough	"	,	18	,	"	China	"	,	"	Santiago María	"	,	"	30567 Oriole Trail	"	)	;	;													
INSERT	INTO	STUDENT	VALUES	(	0		,	"	Wendeline Sprionghall	"	,	20	,	"	China	"	,	"	Wyszków	"	,	"	68 Oakridge Center	"	)	;	;													
INSERT	INTO	STUDENT	VALUES	(	1		,	"	Andie Flawith	"	,	18	,	"	China	"	,	"	Garhi Yāsīn	"	,	"	0 Reinke Way	"	)	;	;													
INSERT	INTO	STUDENT	VALUES	(	1		,	"	Hamnet Bigland	"	,	23	,	"	China	"	,	"	Quỳ Châu	"	,	"	07510 Weeping Birch Way	"	)	;	;													
INSERT	INTO	STUDENT	VALUES	(	0		,	"	Miguelita Jagg	"	,	16	,	"	China	"	,	"	Sacramento	"	,	"	379 Kipling Parkway	"	)	;	;													
INSERT	INTO	STUDENT	VALUES	(	0		,	"	Sophi Summersby	"	,	24	,	"	Canada	"	,	"	Poniklá	"	,	"	54428 Hayes Parkway	"	)	;	;													
INSERT	INTO	STUDENT	VALUES	(	1		,	"	Rogerio Glasby	"	,	17	,	"	Thailand	"	,	"	Tongjiaxi	"	,	"	00939 East Pass	"	)	;	;													
INSERT	INTO	STUDENT	VALUES	(	0		,	"	Maure Heasman	"	,	24	,	"	China	"	,	"	Aso	"	,	"	7640 Jenna Alley	"	)	;	;													
INSERT	INTO	STUDENT	VALUES	(	0		,	"	Bernadene Connell	"	,	18	,	"	China	"	,	"	Bahía Caráquez	"	,	"	0 Mcbride Drive	"	)	;	;													
INSERT	INTO	STUDENT	VALUES	(	0		,	"	Ethel Jessep	"	,	22	,	"	China	"	,	"	Smedjebacken	"	,	"	3 Lunder Avenue	"	)	;	;													
INSERT	INTO	STUDENT	VALUES	(	1		,	"	Augustin Huntriss	"	,	20	,	"	China	"	,	"	Świecie nad	"	,	"	39410 Darwin Parkway	"	)	;	;													
INSERT	INTO	STUDENT	VALUES	(	1		,	"	Brandyn Whylie	"	,	21	,	"	Japan	"	,	"	Terek	"	,	"	3 Mandrake Court	"	)	;	;													
INSERT	INTO	STUDENT	VALUES	(	1		,	"	Erskine Griffith	"	,	17	,	"	China	"	,	"	Chelles	"	,	"	7 Sachs Parkway	"	)	;	;													
INSERT	INTO	STUDENT	VALUES	(	0		,	"	Enrika Hurling	"	,	21	,	"	Mexico	"	,	"	Wuppertal	"	,	"	7 Pond Center	"	)	;	;													
INSERT	INTO	STUDENT	VALUES	(	0		,	"	Vicki Povall	"	,	17	,	"	China	"	,	"	Trondheim	"	,	"	7 Fair Oaks Center	"	)	;	;													
INSERT	INTO	STUDENT	VALUES	(	1		,	"	Godfrey Snodin	"	,	23	,	"	China	"	,	"	Shinaihai	"	,	"	5857 Helena Center	"	)	;	;													
INSERT	INTO	STUDENT	VALUES	(	0		,	"	Catie Sawyers	"	,	16	,	"	China	"	,	"	Torino	"	,	"	0 Donald Terrace	"	)	;	;													
INSERT	INTO	STUDENT	VALUES	(	0		,	"	Lexy Tyson	"	,	18	,	"	China	"	,	"	Mississauga	"	,	"	8 Swallow Court	"	)	;	;													
INSERT	INTO	STUDENT	VALUES	(	1		,	"	Sammy Ithell	"	,	16	,	"	United States	"	,	"	Kanye	"	,	"	3960 West Avenue	"	)	;	;													
INSERT	INTO	STUDENT	VALUES	(	0		,	"	Danette Wyllt	"	,	16	,	"	China	"	,	"	Nossa Socorro	"	,	"	916 Prentice Parkway	"	)	;	;													
INSERT	INTO	STUDENT	VALUES	(	0		,	"	Jolie Cruddas	"	,	24	,	"	China	"	,	"	Can-asujan	"	,	"	33 Magdeline Hill	"	)	;	;													
INSERT	INTO	STUDENT	VALUES	(	1		,	"	Rodger MacSkeaghan	"	,	20	,	"	China	"	,	"	Beltinci	"	,	"	478 Dottie Trail	"	)	;	;													
INSERT	INTO	STUDENT	VALUES	(	0		,	"	Fannie Yuranovev	"	,	16	,	"	Japan	"	,	"	Daya	"	,	"	812 Pierstorff Street	"	)	;	;													
INSERT	INTO	STUDENT	VALUES	(	0		,	"	Chrystal Seebright	"	,	24	,	"	China	"	,	"	Nueva Arica	"	,	"	715 Cascade Plaza	"	)	;	;													
INSERT	INTO	STUDENT	VALUES	(	1		,	"	Whitby Feirn	"	,	18	,	"	United States	"	,	"	San Diego	"	,	"	91428 Becker Circle	"	)	;	;													
INSERT	INTO	STUDENT	VALUES	(	1		,	"	Desmund Pic	"	,	23	,	"	China	"	,	"	Sophia Antipolis	"	,	"	31 Comanche Court	"	)	;	;													
INSERT	INTO	STUDENT	VALUES	(	1		,	"	Enoch Roofe	"	,	24	,	"	Japan	"	,	"	Santander	"	,	"	36180 Meadow Valley"	)	;	;													
INSERT	INTO	STUDENT	VALUES	(	1		,	"	Beniamino Trevett	"	,	22	,	"	Thailand	"	,	"	Tennō	"	,	"	2 Golf Course Drive	"	)	;	;													
INSERT	INTO	STUDENT	VALUES	(	0		,	"	Perrine Jakoubec	"	,	17	,	"	Japan	"	,	"	Berlin	"	,	"	18 Ridge Oak Trail	"	)	;	;													
INSERT	INTO	STUDENT	VALUES	(	0		,	"	Blancha Kochs	"	,	20	,	"	China	"	,	"	Nieuw Nickerie	"	,	"	9267 Dorton Junction	"	)	;	;													
INSERT	INTO	STUDENT	VALUES	(	0		,	"	Fleur Heyburn	"	,	23	,	"	China	"	,	"	Şuwayr	"	,	"	94007 Messer Avenue	"	)	;	;													
INSERT	INTO	STUDENT	VALUES	(	1		,	"	Tammy Brotherhood	"	,	18	,	"	Japan	"	,	"	Sv. Trojica v Slov. Goricah	"	,	"	681 Marcy Road	"	)	;	;													
INSERT	INTO	STUDENT	VALUES	(	0		,	"	Layney Segot	"	,	16	,	"	China	"	,	"	Watergrasshill	"	,	"	89 New Castle Pass	"	)	;	;													
INSERT	INTO	STUDENT	VALUES	(	0		,	"	Emmalynn Sholl	"	,	20	,	"	China	"	,	"	Zahlé	"	,	"	97117 Ridgeway Park	"	)	;	;													
INSERT	INTO	STUDENT	VALUES	(	0		,	"	Mollee Mingardi	"	,	16	,	"	China	"	,	"	Santiago	"	,	"	9 Schlimgen Road	"	)	;	;													
INSERT	INTO	STUDENT	VALUES	(	0		,	"	Janaye Browett	"	,	17	,	"	Thailand	"	,	"	Huayuan	"	,	"	2307 Blue Bill Park Place	"	)	;	;													
INSERT	INTO	STUDENT	VALUES	(	1		,	"	Giacobo Loveman	"	,	21	,	"	China	"	,	"	Sixi	"	,	"	84 Hanover Point	"	)	;	;													
INSERT	INTO	STUDENT	VALUES	(	1		,	"	Garvin McCaughren	"	,	21	,	"	China	"	,	"	Cambrai	"	,	"	80 Ludington Circle	"	)	;	;													
INSERT	INTO	STUDENT	VALUES	(	0		,	"	Ashil Whorlow	"	,	16	,	"	China	"	,	"	Tyler	"	,	"	90148 Memorial Park	"	)	;	;													
INSERT	INTO	STUDENT	VALUES	(	0		,	"	Colleen Keefe	"	,	24	,	"	China	"	,	"	Buensuseso	"	,	"	828 Hazelcrest Alley	"	)	;	;													
INSERT	INTO	STUDENT	VALUES	(	1		,	"	Ivor Lowin	"	,	20	,	"	United States	"	,	"	Seso	"	,	"	67 Coolidge Drive	"	)	;	;													
INSERT	INTO	STUDENT	VALUES	(	0		,	"	Vitoria Jarry	"	,	21	,	"	China	"	,	"	Luftinjë	"	,	"	6 Aberg Way	"	)	;	;													
INSERT	INTO	STUDENT	VALUES	(	0		,	"	Candis Bonnette	"	,	24	,	"	Malaysia	"	,	"	Saraqinishtë	"	,	"	0603 Fisk Center	"	)	;	;													
INSERT	INTO	STUDENT	VALUES	(	0		,	"	Gertruda Ianson	"	,	20	,	"	United States	"	,	"	Neochóri	"	,	"	3091 Reindahl Center	"	)	;	;													
INSERT	INTO	STUDENT	VALUES	(	0		,	"	Larisa Tither	"	,	22	,	"	Japan	"	,	"	Krajan Ngrambingan	"	,	"	968 Coleman Lane	"	)	;	;													
INSERT	INTO	STUDENT	VALUES	(	0		,	"	Hollyanne Elphick	"	,	20	,	"	Mexico	"	,	"	Tahoua	"	,	"	055 Hansons Circle	"	)	;	;													
INSERT	INTO	STUDENT	VALUES	(	1		,	"	Borg Shefton	"	,	22	,	"	China	"	,	"	Capitán Bermúdez	"	,	"	2831 Claremont Park	"	)	;	;													
INSERT	INTO	STUDENT	VALUES	(	1		,	"	Way Yewdale	"	,	16	,	"	China	"	,	"	Azueira	"	,	"	20103 Oakridge Court	"	)	;	;													
INSERT	INTO	STUDENT	VALUES	(	1		,	"	Marve Lamp	"	,	24	,	"	China	"	,	"	Majagual	"	,	"	65 Novick Lane	"	)	;	;													
INSERT	INTO	STUDENT	VALUES	(	1		,	"	Quintus Soame	"	,	21	,	"	China	"	,	"	Haysyn	"	,	"	8 6th Place	"	)	;	;													
INSERT	INTO	STUDENT	VALUES	(	0		,	"	Lanae Brogan	"	,	16	,	"	China	"	,	"	Xiangfu	"	,	"	1817 Pine View Avenue	"	)	;	;													
INSERT	INTO	STUDENT	VALUES	(	0		,	"	Erminie Coppenhall	"	,	22	,	"	China	"	,	"	Tataouine	"	,	"	61 Donald Drive	"	)	;	;													
INSERT	INTO	STUDENT	VALUES	(	0		,	"	Vanda Egger	"	,	18	,	"	Japan	"	,	"	Maddela	"	,	"	45 Lyons Hill	"	)	;	;													
INSERT	INTO	STUDENT	VALUES	(	0		,	"	Bernelle Scoular	"	,	21	,	"	Vietnam	"	,	"	Chornoliztsi	"	,	"	731 Springview Circle	"	)	;	;													
INSERT	INTO	STUDENT	VALUES	(	1		,	"	Pinchas Raiston	"	,	24	,	"	Thailand	"	,	"	Vol’sk	"	,	"	344 Clove Circle	"	)	;	;													
INSERT	INTO	STUDENT	VALUES	(	0		,	"	Rosie Mobley	"	,	23	,	"	Canada	"	,	"	Malakwal City	"	,	"	7123 Morning Trail	"	)	;	;													
INSERT	INTO	STUDENT	VALUES	(	0		,	"	Sherry D'Agostini	"	,	18	,	"	China	"	,	"	Massakory	"	,	"	897 Delaware Trail	"	)	;	;													
INSERT	INTO	STUDENT	VALUES	(	0		,	"	Amelia Cossans	"	,	20	,	"	China	"	,	"	Al Karmil	"	,	"	270 Melrose Alley	"	)	;	;													
INSERT	INTO	STUDENT	VALUES	(	0		,	"	Dorolisa Aldrin	"	,	19	,	"	China	"	,	"	Bettendorf	"	,	"	5 John Wall Pass	"	)	;	;													
INSERT	INTO	STUDENT	VALUES	(	0		,	"	Katherine Done	"	,	19	,	"	Mexico	"	,	"	Bebandem	"	,	"	387 Oak Drive	"	)	;	;													
INSERT	INTO	STUDENT	VALUES	(	1		,	"	Christophe Boykett	"	,	20	,	"	China	"	,	"	San Rafael Petzal	"	,	"	45 Claremont Trail	"	)	;	;													
INSERT	INTO	STUDENT	VALUES	(	1		,	"	Bartlett Klemencic	"	,	17	,	"	China	"	,	"	Shouyan	"	,	"	76603 Clove Lane	"	)	;	;													
INSERT	INTO	STUDENT	VALUES	(	0		,	"	Robinia Poulston	"	,	19	,	"	China	"	,	"	San Rafael Petzal	"	,	"	45 Claremont Trail	"	)	;	;													
INSERT	INTO	STUDENT	VALUES	(	1		,	"	Oran Cohan	"	,	16	,	"	China	"	,	"	Shouyan	"	,	"	76603 Clove Lane	"	)	;	;													
INSERT	INTO	STUDENT	VALUES	(	0		,	"	Wanda Archibould	"	,	16	,	"	China	"	,	"	Nossa Senhora do Socorro	"	,	"	916 Prentice Parkway	"	)	;	;													
INSERT	INTO	STUDENT	VALUES	(	0		,	"	Kimberlyn Cutsforth	"	,	23	,	"	China	"	,	"	Can-asujan	"	,	"	33 Magdeline Hill	"	)	;	;													
INSERT	INTO	STUDENT	VALUES	(	0		,	"	Annora Hearns	"	,	22	,	"	China	"	,	"	Cabucgayan	"	,	"	13192 Birchwood Park	"	)	;	;													
INSERT	INTO	STUDENT	VALUES	(	1		,	"	Ricky Kloss	"	,	19	,	"	Thailand	"	,	"	Gadzhiyevo	"	,	"	2 Manley Hill	"	)	;	;													
INSERT	INTO	STUDENT	VALUES	(	0		,	"	Eirena Flowitt	"	,	16	,	"	China	"	,	"	Sbikha	"	,	"	70414 Rutledge Lane	"	)	;	;													
INSERT	INTO	STUDENT	VALUES	(	0		,	"	Kate Letten	"	,	23	,	"	China	"	,	"	Trondheim	"	,	"	0 Roxbury Point	"	)	;	;													
INSERT	INTO	STUDENT	VALUES	(	0		,	"	Pansy Hew	"	,	17	,	"	China	"	,	"	Aldeia da Bela Vista	"	,	"	07135 Rockefeller Road	"	)	;	;													
INSERT	INTO	STUDENT	VALUES	(	0		,	"	Harlie Jeger	"	,	18	,	"	Malaysia	"	,	"	Tataouine	"	,	"	61 Donald Drive	"	)	;	;													
INSERT	INTO	STUDENT	VALUES	(	1		,	"	Ferdy Karpushkin	"	,	23	,	"	China	"	,	"	Buensuseso	"	,	"	828 Hazelcrest Alley	"	)	;	;													
INSERT	INTO	STUDENT	VALUES	(	1		,	"	Arron Haensel	"	,	21	,	"	China	"	,	"	Neochóri	"	,	"	3091 Reindahl Center	"	)	;	;													
INSERT	INTO	STUDENT	VALUES	(	1		,	"	Luciano Bolderson	"	,	19	,	"	China	"	,	"	Zahlé	"	,	"	97117 Ridgeway Park	"	)	;	;													
INSERT	INTO	STUDENT	VALUES	(	1		,	"	Sigismundo Piggin	"	,	19	,	"	China	"	,	"	Santiago	"	,	"	9 Schlimgen Road	"	)	;	;													
INSERT	INTO	STUDENT	VALUES	(	0		,	"	Donielle Jaggard	"	,	24	,	"	China	"	,	"	Huayuan	"	,	"	2307 Blue Bill Park Place	"	)	;	;													
INSERT	INTO	STUDENT	VALUES	(	0		,	"	Adelina Ramelet	"	,	19	,	"	United States	"	,	"	Sixi	"	,	"	84 Hanover Point	"	)	;	;													
INSERT	INTO	STUDENT	VALUES	(	1		,	"	Aland Sakins	"	,	22	,	"	Vietnam	"	,	"	Cambrai	"	,	"	80 Ludington Circle	"	)	;	;													
INSERT	INTO	STUDENT	VALUES	(	0		,	"	Teirtza Heater	"	,	23	,	"	China	"	,	"	Tyler	"	,	"	90148 Memorial Park	"	)	;	;													
INSERT	INTO	STUDENT	VALUES	(	1		,	"	Mata Yannoni	"	,	16	,	"	Vietnam	"	,	"	Cabucgayan	"	,	"	13192 Birchwood Park	"	)	;	;													
INSERT	INTO	STUDENT	VALUES	(	1		,	"	Nathaniel Creaney	"	,	19	,	"	Malaysia	"	,	"	Gadzhiyevo	"	,	"	2 Manley Hill	"	)	;	;													
																																								
																																								
																																								
INSERT	INTO	ADDRESS	VALUES	(	"	Bantawora	"	,	"	47551 Ludington Pass	"	,	14822	)	;																									
INSERT	INTO	ADDRESS	VALUES	(	"	Huachos	"	,	"	9 Sundown Place	"	,	19617	)	;																									
INSERT	INTO	ADDRESS	VALUES	(	"	Yuqunweng	"	,	"	4 Shoshone Center	"	,	60755	)	;																									
INSERT	INTO	ADDRESS	VALUES	(	"	Maayong Tubig	"	,	"	0259 Reindahl Road	"	,	72500	)	;																									
INSERT	INTO	ADDRESS	VALUES	(	"	Halmstad	"	,	"	6 Grover Crossing	"	,	32848	)	;																									
INSERT	INTO	ADDRESS	VALUES	(	"	Constantia	"	,	"	09885 Dapin Circle	"	,	35930	)	;																									
INSERT	INTO	ADDRESS	VALUES	(	"	Trondheim	"	,	"	0 Roxbury Point	"	,	41020	)	;																									
INSERT	INTO	ADDRESS	VALUES	(	"	Aldeia da Bela Vista	"	,	"	07135 Rockefeller Road	"	,	71599	)	;																									
INSERT	INTO	ADDRESS	VALUES	(	"	Fuxing	"	,	"	37 Sommers Avenue	"	,	76940	)	;																									
INSERT	INTO	ADDRESS	VALUES	(	"	Kingsport	"	,	"	3 Claremont Park	"	,	3223	)	;																									
INSERT	INTO	ADDRESS	VALUES	(	"	Ailuk	"	,	"	60 Surrey Center	"	,	98770	)	;																									
INSERT	INTO	ADDRESS	VALUES	(	"	Xiyuan	"	,	"	49207 Westport Crossing	"	,	12050	)	;																									
INSERT	INTO	ADDRESS	VALUES	(	"	Jiangxi	"	,	"	3 Longview Point	"	,	72490	)	;																									
INSERT	INTO	ADDRESS	VALUES	(	"	Bueng Sam Phan	"	,	"	63 Monument Way	"	,	7793	)	;																									
INSERT	INTO	ADDRESS	VALUES	(	"	Rondonópolis	"	,	"	4 Lighthouse Bay Court	"	,	96221	)	;																									
INSERT	INTO	ADDRESS	VALUES	(	"	Zhosaly	"	,	"	928 Claremont Terrace	"	,	26261	)	;																									
INSERT	INTO	ADDRESS	VALUES	(	"	Qifang	"	,	"	09 Banding Junction	"	,	60316	)	;																									
INSERT	INTO	ADDRESS	VALUES	(	"	Pertunmaa	"	,	"	3206 East Terrace	"	,	69875	)	;																									
INSERT	INTO	ADDRESS	VALUES	(	"	Barrinha	"	,	"	94 Burning Wood Circle	"	,	62677	)	;																									
INSERT	INTO	ADDRESS	VALUES	(	"	New Cebu	"	,	"	8286 Rockefeller Lane	"	,	25333	)	;																									
INSERT	INTO	ADDRESS	VALUES	(	"	Randusari	"	,	"	3801 Arizona Terrace	"	,	83414	)	;																									
INSERT	INTO	ADDRESS	VALUES	(	"	Cabucgayan	"	,	"	13192 Birchwood Park	"	,	40458	)	;																									
INSERT	INTO	ADDRESS	VALUES	(	"	Gadzhiyevo	"	,	"	2 Manley Hill	"	,	2320	)	;																									
INSERT	INTO	ADDRESS	VALUES	(	"	Sbikha	"	,	"	70414 Rutledge Lane	"	,	95282	)	;																									
INSERT	INTO	ADDRESS	VALUES	(	"	Vista Hermosa	"	,	"	2450 Karstens Point	"	,	82266	)	;																									
INSERT	INTO	ADDRESS	VALUES	(	"	Bobrov	"	,	"	1707 Northridge Park	"	,	86647	)	;																									
INSERT	INTO	ADDRESS	VALUES	(	"	Heshui	"	,	"	691 Division Street	"	,	303	)	;																									
INSERT	INTO	ADDRESS	VALUES	(	"	Mandalt	"	,	"	83 Blackbird Plaza	"	,	54994	)	;																									
INSERT	INTO	ADDRESS	VALUES	(	"	Huangcai	"	,	"	8145 Hazelcrest Plaza	"	,	51467	)	;																									
INSERT	INTO	ADDRESS	VALUES	(	"	Ordem	"	,	"	10249 Cottonwood Alley	"	,	27752	)	;																									
INSERT	INTO	ADDRESS	VALUES	(	"	Kalininaul	"	,	"	3 Crest Line Drive	"	,	3767	)	;																									
INSERT	INTO	ADDRESS	VALUES	(	"	Nova Granada	"	,	"	854 Declaration Place	"	,	59901	)	;																									
INSERT	INTO	ADDRESS	VALUES	(	"	Teutônia	"	,	"	311 Pierstorff Alley	"	,	99424	)	;																									
INSERT	INTO	ADDRESS	VALUES	(	"	Shapa	"	,	"	46404 Oakridge Crossing	"	,	14453	)	;																									
INSERT	INTO	ADDRESS	VALUES	(	"	Geneng	"	,	"	0 Kensington Trail	"	,	18497	)	;																									
INSERT	INTO	ADDRESS	VALUES	(	"	Yumbel	"	,	"	4 Fordem Alley	"	,	67169	)	;																									
INSERT	INTO	ADDRESS	VALUES	(	"	Sopla	"	,	"	40 Muir Avenue	"	,	55783	)	;																									
INSERT	INTO	ADDRESS	VALUES	(	"	Sokolac	"	,	"	62 Laurel Road	"	,	55531	)	;																									
INSERT	INTO	ADDRESS	VALUES	(	"	Santiago de María	"	,	"	30567 Oriole Trail	"	,	461	)	;																									
INSERT	INTO	ADDRESS	VALUES	(	"	Wyszków	"	,	"	68 Oakridge Center	"	,	34226	)	;																									
INSERT	INTO	ADDRESS	VALUES	(	"	Garhi Yāsīn	"	,	"	0 Reinke Way	"	,	95605	)	;																									
INSERT	INTO	ADDRESS	VALUES	(	"	Quỳ Châu	"	,	"	07510 Weeping Birch Way	"	,	4330	)	;																									
INSERT	INTO	ADDRESS	VALUES	(	"	Sacramento	"	,	"	379 Kipling Parkway	"	,	99010	)	;																									
INSERT	INTO	ADDRESS	VALUES	(	"	Poniklá	"	,	"	54428 Hayes Parkway	"	,	74842	)	;																									
INSERT	INTO	ADDRESS	VALUES	(	"	Tongjiaxi	"	,	"	00939 East Pass	"	,	50299	)	;																									
INSERT	INTO	ADDRESS	VALUES	(	"	Aso	"	,	"	7640 Jenna Alley	"	,	7101	)	;																									
INSERT	INTO	ADDRESS	VALUES	(	"	Bahía de Caráquez	"	,	"	0 Mcbride Drive	"	,	491	)	;																									
INSERT	INTO	ADDRESS	VALUES	(	"	Smedjebacken	"	,	"	3 Lunder Avenue	"	,	73443	)	;																									
INSERT	INTO	ADDRESS	VALUES	(	"	Świecie nad Osą	"	,	"	39410 Darwin Parkway	"	,	56490	)	;																									
INSERT	INTO	ADDRESS	VALUES	(	"	Terek	"	,	"	3 Mandrake Court	"	,	24444	)	;																									
INSERT	INTO	ADDRESS	VALUES	(	"	Chelles	"	,	"	7 Sachs Parkway	"	,	92718	)	;																									
INSERT	INTO	ADDRESS	VALUES	(	"	Wuppertal	"	,	"	7 Pond Center	"	,	14761	)	;																									
INSERT	INTO	ADDRESS	VALUES	(	"	Trondheim	"	,	"	7 Fair Oaks Center	"	,	41788	)	;																									
INSERT	INTO	ADDRESS	VALUES	(	"	Shinaihai	"	,	"	5857 Helena Center	"	,	17757	)	;																									
INSERT	INTO	ADDRESS	VALUES	(	"	Torino	"	,	"	0 Donald Terrace	"	,	49173	)	;																									
INSERT	INTO	ADDRESS	VALUES	(	"	Mississauga	"	,	"	8 Swallow Court	"	,	77343	)	;																									
INSERT	INTO	ADDRESS	VALUES	(	"	Kanye	"	,	"	3960 West Avenue	"	,	70985	)	;																									
INSERT	INTO	ADDRESS	VALUES	(	"	Nossa Senhora do Socorro	"	,	"	916 Prentice Parkway	"	,	28461	)	;																									
INSERT	INTO	ADDRESS	VALUES	(	"	Can-asujan	"	,	"	33 Magdeline Hill	"	,	85697	)	;																									
INSERT	INTO	ADDRESS	VALUES	(	"	Beltinci	"	,	"	478 Dottie Trail	"	,	98288	)	;																									
INSERT	INTO	ADDRESS	VALUES	(	"	Daya	"	,	"	812 Pierstorff Street	"	,	85974	)	;																									
INSERT	INTO	ADDRESS	VALUES	(	"	Nueva Arica	"	,	"	715 Cascade Plaza	"	,	85335	)	;																									
INSERT	INTO	ADDRESS	VALUES	(	"	San Diego	"	,	"	91428 Becker Circle	"	,	22927	)	;																									
INSERT	INTO	ADDRESS	VALUES	(	"	Sophia Antipolis	"	,	"	31 Comanche Court	"	,	12340	)	;																									
INSERT	INTO	ADDRESS	VALUES	(	"	Santander	"	,	"	36180 Meadow Valley Parkway	"	,	86142	)	;																									
INSERT	INTO	ADDRESS	VALUES	(	"	Tennō	"	,	"	2 Golf Course Drive	"	,	52126	)	;																									
INSERT	INTO	ADDRESS	VALUES	(	"	Berlin	"	,	"	18 Ridge Oak Trail	"	,	9830	)	;																									
INSERT	INTO	ADDRESS	VALUES	(	"	Nieuw Nickerie	"	,	"	9267 Dorton Junction	"	,	85013	)	;																									
INSERT	INTO	ADDRESS	VALUES	(	"	Şuwayr	"	,	"	94007 Messerschmidt Avenue	"	,	71325	)	;																									
INSERT	INTO	ADDRESS	VALUES	(	"	Sv. Trojica v Slov. Goricah	"	,	"	681 Marcy Road	"	,	47252	)	;																									
INSERT	INTO	ADDRESS	VALUES	(	"	Watergrasshill	"	,	"	89 New Castle Pass	"	,	17146	)	;																									
INSERT	INTO	ADDRESS	VALUES	(	"	Zahlé	"	,	"	97117 Ridgeway Park	"	,	50149	)	;																									
INSERT	INTO	ADDRESS	VALUES	(	"	Santiago	"	,	"	9 Schlimgen Road	"	,	36308	)	;																									
INSERT	INTO	ADDRESS	VALUES	(	"	Huayuan	"	,	"	2307 Blue Bill Park Place	"	,	17099	)	;																									
INSERT	INTO	ADDRESS	VALUES	(	"	Sixi	"	,	"	84 Hanover Point	"	,	46625	)	;																									
INSERT	INTO	ADDRESS	VALUES	(	"	Cambrai	"	,	"	80 Ludington Circle	"	,	73070	)	;																									
INSERT	INTO	ADDRESS	VALUES	(	"	Tyler	"	,	"	90148 Memorial Park	"	,	16427	)	;																									
INSERT	INTO	ADDRESS	VALUES	(	"	Buensuseso	"	,	"	828 Hazelcrest Alley	"	,	32308	)	;																									
INSERT	INTO	ADDRESS	VALUES	(	"	Seso	"	,	"	67 Coolidge Drive	"	,	85072	)	;																									
INSERT	INTO	ADDRESS	VALUES	(	"	Luftinjë	"	,	"	6 Aberg Way	"	,	60707	)	;																									
INSERT	INTO	ADDRESS	VALUES	(	"	Saraqinishtë	"	,	"	0603 Fisk Center	"	,	40130	)	;																									
INSERT	INTO	ADDRESS	VALUES	(	"	Neochóri	"	,	"	3091 Reindahl Center	"	,	68327	)	;																									
INSERT	INTO	ADDRESS	VALUES	(	"	Krajan Ngrambingan	"	,	"	968 Coleman Lane	"	,	707	)	;																									
INSERT	INTO	ADDRESS	VALUES	(	"	Tahoua	"	,	"	055 Hansons Circle	"	,	11475	)	;																									
INSERT	INTO	ADDRESS	VALUES	(	"	Capitán Bermúdez	"	,	"	2831 Claremont Park	"	,	56916	)	;																									
INSERT	INTO	ADDRESS	VALUES	(	"	Azueira	"	,	"	20103 Oakridge Court	"	,	83592	)	;																									
INSERT	INTO	ADDRESS	VALUES	(	"	Majagual	"	,	"	65 Novick Lane	"	,	38065	)	;																									
INSERT	INTO	ADDRESS	VALUES	(	"	Haysyn	"	,	"	8 6th Place	"	,	15303	)	;																									
INSERT	INTO	ADDRESS	VALUES	(	"	Xiangfu	"	,	"	1817 Pine View Avenue	"	,	1070	)	;																									
INSERT	INTO	ADDRESS	VALUES	(	"	Tataouine	"	,	"	61 Donald Drive	"	,	55741	)	;																									
INSERT	INTO	ADDRESS	VALUES	(	"	Maddela	"	,	"	45 Lyons Hill	"	,	20721	)	;																									
INSERT	INTO	ADDRESS	VALUES	(	"	Chornoliztsi	"	,	"	731 Springview Circle	"	,	13516	)	;																									
INSERT	INTO	ADDRESS	VALUES	(	"	Vol’sk	"	,	"	344 Clove Circle	"	,	7653	)	;																									
INSERT	INTO	ADDRESS	VALUES	(	"	Malakwal City	"	,	"	7123 Morning Trail	"	,	97298	)	;																									
INSERT	INTO	ADDRESS	VALUES	(	"	Massakory	"	,	"	897 Delaware Trail	"	,	26598	)	;																									
INSERT	INTO	ADDRESS	VALUES	(	"	Al Karmil	"	,	"	270 Melrose Alley	"	,	22205	)	;																									
INSERT	INTO	ADDRESS	VALUES	(	"	Bettendorf	"	,	"	5 John Wall Pass	"	,	27660	)	;																									
INSERT	INTO	ADDRESS	VALUES	(	"	Bebandem	"	,	"	387 Oak Drive	"	,	90819	)	;																									
INSERT	INTO	ADDRESS	VALUES	(	"	San Rafael Petzal	"	,	"	45 Claremont Trail	"	,	67725	)	;																									
INSERT	INTO	ADDRESS	VALUES	(	"	Shouyan	"	,	"	76603 Clove Lane	"	,	92376	)	;								
